GPS time,SatPRN (ID),Sat.X,Sat.Y,Sat.Z,Pseudo-Range,CN0
2024 04 13 16 51 36.4173427,G03,24058718.06527,2650.56927,42.00027,24056382.38225,1977.42525
2024 04 13 16 51 36.4173427,G08,21133536.02728,-871.28328,47.80028,21131185.35425,-651.48225
2024 04 13 16 51 36.4173427,G27,22142478.85027,-2805.21127,45.20027,22140122.78125,-2090.75025
2024 04 13 16 51 36.4173427,G32,21444978.71927,-1243.73027,45.60027,21442620.85224,-932.15024
2024 04 13 16 51 36.4173427,C43,22353684.73526,1758.53726,39.70026,22351800.24025,1322.60025
2024 04 13 16 51 36.4173427,C42,21861369.45828,420.23828,47.60028,21859489.16024,321.75024
2024 04 13 16 51 36.4173427,C39,38998137.12124,803.75024,29.10024,38996245.13124,601.46524
2024 04 13 16 51 36.4173427,C34,21738161.65326,-1051.64726,40.40026,21736281.05525,-786.70025
2024 04 13 16 51 36.4173427,C33,25067488.80825,2675.80025,33.60025,25065614.50525,2012.09425
2024 04 13 16 51 36.4173427,C21,23410359.61527,-2012.10827,44.20027,23408472.12125,-1517.70025
2024 04 13 16 51 36.4173427,E10,25676615.51826,2222.12126,39.50026,25674705.54125,1663.95025
2024 04 13 16 51 36.4173427,E12,24351149.71925,1537.55025,32.80025,24349239.44225,1134.35025
2024 04 13 16 51 36.4173427,E24,28316932.66525,-1701.85025,35.30025,28315030.78124,-1269.40024
2024 04 13 16 51 36.4173427,E33,24341963.17926,-631.05026,35.80026,24340055.30025,-471.24425
2024 04 13 16 51 37.4173429,G03,24058272.26827,2650.50727,43.40027,24055936.58526,1980.35226
2024 04 13 16 51 37.4173429,G08,21133762.06428,-872.26628,49.80028,21131410.19226,-650.48926
2024 04 13 16 51 37.4173429,G27,22143068.53628,-2806.05228,47.70028,22140715.76426,-2094.49926
2024 04 13 16 51 37.4173429,G32,21445272.81027,-1244.65727,46.80027,21442913.14325,-928.31625
2024 04 13 16 51 37.4173429,C43,22353407.72127,1757.64227,42.00027,22351521.12725,1325.68125
2024 04 13 16 51 37.4173429,C42,21861349.66628,419.41328,49.60028,21859469.66725,317.29225
2024 04 13 16 51 37.4173429,C39,38998044.47925,802.60025,31.50025,38996147.69225,605.60025
2024 04 13 16 51 37.4173429,C34,21738424.26527,-1052.53327,43.00027,21736540.06925,-793.15025
2024 04 13 16 51 37.4173429,C33,25067029.52025,2674.15025,35.40025,25065158.51525,2016.40025
2024 04 13 16 51 37.4173429,C21,23410805.69927,-2012.12527,46.40027,23408917.60726,-1515.40426
2024 04 13 16 51 37.4173429,E10,25676251.56427,2224.35027,43.30027,25674342.18625,1661.33425
2024 04 13 16 51 37.4173429,E12,24350917.67326,1530.80926,37.20026,24349007.99625,1143.15025
2024 04 13 16 51 37.4173429,E24,28317316.09326,-1708.40026,39.00026,28315412.71125,-1275.70025
2024 04 13 16 51 37.4173429,E33,24342143.64826,-638.25626,39.20026,24340236.36825,-476.74125
2024 04 13 16 51 38.4173430,G03,24057797.04527,2654.12927,42.40027,24055463.76025,1987.70025
2024 04 13 16 51 38.4173430,G08,21133954.77928,-868.80628,48.00028,21131607.10425,-648.95525
2024 04 13 16 51 38.4173430,G27,22143632.39327,-2802.23327,45.50027,22141280.22225,-2093.40025
2024 04 13 16 51 38.4173430,G28,23879929.58026,2687.60026,36.20026,23877605.58923,2005.50023
2024 04 13 16 51 38.4173430,G32,21445541.97127,-1241.13027,45.50027,21443176.00924,-922.70024
2024 04 13 16 51 38.4173430,C43,22353097.08426,1761.26226,40.00026,22351212.88825,1335.80025
2024 04 13 16 51 38.4173430,C42,21861299.24928,423.02128,48.50028,21859418.35124,324.00024
2024 04 13 16 51 38.4173430,C34,21738650.25727,-1049.04627,41.50027,21736771.75725,-798.57725
2024 04 13 16 51 38.4173430,C33,25066544.10425,2679.70025,34.00025,25064674.89825,2009.30325
2024 04 13 16 51 38.4173430,C21,23411221.46027,-2008.70327,44.50027,23409333.66725,-1514.26525
2024 04 13 16 51 38.4173430,E10,25675860.58326,2216.30026,38.90026,25673951.50425,1657.00025
2024 04 13 16 51 38.4173430,E12,24350657.40225,1521.65025,34.00025,24348746.82424,1138.20024
2024 04 13 16 51 38.4173430,E24,28317674.59325,-1696.40025,35.20025,28315769.11224,-1270.85024
2024 04 13 16 51 38.4173430,E33,24342292.29325,-647.05025,34.60025,24340389.51025,-480.50025
2024 04 13 16 51 39.4173432,G03,24057352.33827,2633.39727,44.00027,24055018.75326,1965.73626
2024 04 13 16 51 39.4173432,G08,21134183.10628,-890.29128,49.50028,21131834.23226,-664.58926
2024 04 13 16 51 39.4173432,G27,22144226.16727,-2823.49127,47.00027,22141873.69626,-2108.13426
2024 04 13 16 51 39.4173432,G28,23879486.97126,2664.80626,39.10026,23877159.08324,1991.55024
2024 04 13 16 51 39.4173432,G32,21445840.75028,-1262.54128,48.20028,21443479.88424,-944.05024
2024 04 13 16 51 39.4173432,C43,22352822.65926,1740.07526,40.70026,22350938.16425,1312.05025
2024 04 13 16 51 39.4173432,C42,21861279.64728,401.99928,50.70028,21859399.34925,302.39225
2024 04 13 16 51 39.4173432,C34,21738917.25727,-1070.17127,43.50027,21737034.56025,-806.35025
2024 04 13 16 51 39.4173432,C33,25066084.70725,2656.50025,34.70025,25064224.19525,2003.42525
2024 04 13 16 51 39.4173432,C21,23411669.83427,-2029.14527,46.20027,23409781.14226,-1528.23426
2024 04 13 16 51 39.4173432,E10,25675496.52027,2206.86227,43.40027,25673585.64325,1647.13025
2024 04 13 16 51 39.4173432,E12,24350427.64626,1512.86726,37.80026,24348517.36825,1128.60025
2024 04 13 16 51 39.4173432,E24,28318059.11226,-1726.05226,39.10026,28316157.82825,-1288.70025
2024 04 13 16 51 39.4173432,E33,24342476.25126,-656.34526,37.60026,24340571.96925,-490.80025
2024 04 13 16 51 40.4173433,G03,24056883.81827,2636.64827,44.20027,24054546.93526,1968.72026
2024 04 13 16 51 40.4173433,G08,21134383.72228,-887.11728,49.40028,21132031.55126,-662.66726
2024 04 13 16 51 40.4173433,G10,22790049.32926,-1882.54326,41.10026,22787700.75523,-1404.40023
2024 04 13 16 51 40.4173433,G27,22144794.03027,-2819.97227,46.80027,22142440.95926,-2106.08226
2024 04 13 16 51 40.4173433,G32,21446108.22028,-1259.26228,47.50028,21443749.15324,-940.40024
2024 04 13 16 51 40.4173433,C43,22352519.02526,1743.55326,40.90026,22350633.03026,1313.61526
2024 04 13 16 51 40.4173433,C42,21861233.23528,405.34128,50.50028,21859352.03725,305.49025
2024 04 13 16 51 40.4173433,C34,21739152.35027,-1066.82027,43.90027,21737270.25325,-804.47925
2024 04 13 16 51 40.4173433,C33,25065610.79025,2660.88125,34.80025,25063742.18425,2005.27725
2024 04 13 16 51 40.4173433,C21,23412089.30027,-2025.90527,46.10027,23410200.60726,-1527.00826
2024 04 13 16 51 40.4173433,E10,25675105.94627,2209.49227,44.70027,25673197.16725,1650.09325
2024 04 13 16 51 40.4173433,E12,24350170.18026,1515.45226,37.10026,24348259.30325,1131.49925
2024 04 13 16 51 40.4173433,E24,28318414.72126,-1723.72726,40.80026,28316515.53625,-1287.38325
2024 04 13 16 51 40.4173433,E33,24342630.69926,-653.72726,39.30026,24340727.31725,-488.48025
2024 04 13 16 51 41.4173434,G03,24056412.04827,2633.74227,44.10027,24054075.46626,1966.68726
2024 04 13 16 51 41.4173434,G08,21134581.98928,-890.53928,49.40028,21132231.61626,-665.12026
2024 04 13 16 51 41.4173434,G10,22790428.97026,-1886.12926,35.70026,22788083.39424,-1407.15024
2024 04 13 16 51 41.4173434,G27,22145361.94127,-2823.24227,46.50027,22143007.37126,-2108.34126
2024 04 13 16 51 41.4173434,G28,23878525.39726,2665.67526,37.60026,23876199.30724,1992.60024
2024 04 13 16 51 41.4173434,G32,21446381.13527,-1262.77827,46.90027,21444020.86924,-943.24524
2024 04 13 16 51 41.4173434,C43,22352218.13726,1740.16726,41.40026,22350328.54526,1311.63826
2024 04 13 16 51 41.4173434,C42,21861184.47328,402.03528,49.40028,21859303.87525,303.10025
2024 04 13 16 51 41.4173434,C39,38997577.69525,785.20025,32.70025,38995692.89925,591.16925
2024 04 13 16 51 41.4173434,C34,21739389.59027,-1070.31127,41.60027,21737505.39425,-806.53325
2024 04 13 16 51 41.4173434,C33,25065123.43225,2658.85025,33.40025,25063260.82125,2002.60325
2024 04 13 16 51 41.4173434,C21,23412508.81327,-2028.92027,44.00027,23410619.52125,-1528.66925
2024 04 13 16 51 41.4173434,E10,25674715.12027,2206.99327,42.90027,25672807.54126,1654.42426
2024 04 13 16 51 41.4173434,E12,24349910.06425,1512.78525,35.10025,24347999.48725,1129.08825
2024 04 13 16 51 41.4173434,E24,28318772.77726,-1726.37926,40.60026,28316874.79125,-1289.71225
2024 04 13 16 51 41.4173434,E33,24342781.29926,-656.63726,35.70026,24340881.51425,-490.67625
2024 04 13 16 51 42.4173435,G03,24055937.38127,2637.77027,43.80027,24053603.79725,1969.59925
2024 04 13 16 51 42.4173435,G08,21134781.25528,-886.82528,49.40028,21132431.18226,-662.43026
2024 04 13 16 51 42.4173435,G27,22145931.75127,-2819.19827,45.70027,22143574.18325,-2105.50325
2024 04 13 16 51 42.4173435,G32,21446652.35228,-1258.86028,48.10028,21444291.18624,-939.80024
2024 04 13 16 51 42.4173435,C43,22351912.55326,1744.25826,41.40026,22350024.46026,1314.07226
2024 04 13 16 51 42.4173435,C42,21861138.20928,406.03828,49.00028,21859257.01125,306.95025
2024 04 13 16 51 42.4173435,C39,38997456.78325,789.90025,32.90025,38995570.18925,594.35925
2024 04 13 16 51 42.4173435,C34,21739623.63226,-1066.38726,41.40026,21737741.23525,-804.06825
2024 04 13 16 51 42.4173435,C33,25064652.96225,2662.35025,33.90025,25062781.35825,2005.56425
2024 04 13 16 51 42.4173435,C21,23412929.62627,-2024.80627,44.30027,23411038.53525,-1525.40025
2024 04 13 16 51 42.4173435,E10,25674322.89627,2210.91227,42.60027,25672416.81626,1651.09226
2024 04 13 16 51 42.4173435,E12,24349651.54725,1516.76425,34.40025,24347742.76925,1132.59825
2024 04 13 16 51 42.4173435,E24,28319129.73526,-1722.53626,40.00026,28317232.34825,-1286.22525
2024 04 13 16 51 42.4173435,E33,24342935.59625,-652.40025,30.30025,24341035.21225,-487.48725
2024 04 13 16 51 43.4173437,G03,24055500.01527,2637.88827,43.90027,24053162.53426,1969.61626
2024 04 13 16 51 43.4173437,G08,21135008.23028,-887.15728,49.20028,21132659.65626,-662.70026
2024 04 13 16 51 43.4173437,G27,22146528.36927,-2819.20327,45.30027,22144172.00026,-2105.34326
2024 04 13 16 51 43.4173437,G28,23877606.16926,2669.87826,37.20026,23875269.88623,1993.80023
2024 04 13 16 51 43.4173437,G32,21446949.77728,-1259.09828,47.60028,21444589.81124,-940.53024
2024 04 13 16 51 43.4173437,C43,22351635.57627,1744.02427,41.60027,22349748.08326,1314.03026
2024 04 13 16 51 43.4173437,C42,21861119.95328,405.91528,48.80028,21859236.65724,305.66624
2024 04 13 16 51 43.4173437,C39,38997368.37525,786.80025,32.70025,38995476.98525,594.47925
2024 04 13 16 51 43.4173437,C34,21739889.87927,-1066.57027,41.50027,21738003.88525,-804.27525
2024 04 13 16 51 43.4173437,C33,25064198.50825,2660.65025,32.70025,25062330.20125,2005.68125
2024 04 13 16 51 43.4173437,C21,23413377.84727,-2024.64727,44.40027,23411489.15525,-1526.12325
2024 04 13 16 51 43.4173437,E10,25673963.77627,2211.31827,43.00027,25672056.19726,1651.38526
2024 04 13 16 51 43.4173437,E12,24349421.03825,1517.14125,34.40025,24347514.35825,1132.59325
2024 04 13 16 51 43.4173437,E24,28319517.69726,-1722.20326,40.20026,28317621.51025,-1286.20825
2024 04 13 16 51 43.4173437,E33,24343117.00225,-652.65725,31.20025,24341221.11524,-486.70024
2024 04 13 16 51 44.4173438,G03,24055031.53027,2637.62227,44.70027,24052688.05226,1969.62426
2024 04 13 16 51 44.4173438,G08,21135210.38028,-887.95228,49.80028,21132858.50826,-663.00326
2024 04 13 16 51 44.4173438,G27,22147091.16927,-2819.79727,45.90027,22144736.89926,-2105.57426
2024 04 13 16 51 44.4173438,G32,21447216.08328,-1259.86628,47.60028,21444859.41425,-941.14925
2024 04 13 16 51 44.4173438,C43,22351330.17827,1743.39427,42.50027,22349444.78326,1313.75626
2024 04 13 16 51 44.4173438,C42,21861072.07628,405.28828,49.20028,21859188.78025,304.91925
2024 04 13 16 51 44.4173438,C39,38997250.64725,788.96025,34.90025,38995356.85825,594.17125
2024 04 13 16 51 44.4173438,C34,21740125.60627,-1067.30027,41.50027,21738240.51125,-804.55625
2024 04 13 16 51 44.4173438,C33,25063716.83125,2664.75025,32.50025,25061847.32625,2005.40725
2024 04 13 16 51 44.4173438,C21,23413799.14627,-2024.99527,45.50027,23411907.15625,-1526.15425
2024 04 13 16 51 44.4173438,E10,25673573.23727,2211.43527,43.20027,25671665.35726,1651.37626
2024 04 13 16 51 44.4173438,E12,24349161.50825,1516.95925,34.20025,24347255.42726,1132.49226
2024 04 13 16 51 44.4173438,E24,28319877.53826,-1722.23826,40.80026,28317977.15425,-1286.31625
2024 04 13 16 51 44.4173438,E33,24343268.18825,-653.08525,32.90025,24341372.30024,-487.76524
2024 04 13 16 51 45.4173439,G03,24054554.83827,2644.70127,44.70027,24052215.55725,1975.32825
2024 04 13 16 51 45.4173439,G08,21135408.22128,-881.35028,49.70028,21133055.74926,-657.49726
2024 04 13 16 51 45.4173439,G27,22147658.05527,-2812.88927,45.80027,22145304.08425,-2099.84725
2024 04 13 16 51 45.4173439,G28,23876645.70226,2676.67026,37.00026,23874307.02124,1999.25024
2024 04 13 16 51 45.4173439,G32,21447482.87627,-1253.19527,46.40027,21445128.90625,-934.36025
2024 04 13 16 51 45.4173439,C43,22351023.46827,1750.06227,42.30027,22349137.47325,1318.75625
2024 04 13 16 51 45.4173439,C42,21861024.68728,412.02028,48.70028,21859139.29224,311.26524
2024 04 13 16 51 45.4173439,C39,38997131.30725,795.54725,34.60025,38995233.62125,600.36925
2024 04 13 16 51 45.4173439,C34,21740362.12027,-1060.60327,41.70027,21738472.82825,-799.14025
2024 04 13 16 51 45.4173439,C33,25063223.35125,2670.30025,30.70025,25061367.33625,2004.36725
2024 04 13 16 51 45.4173439,C21,23414217.93427,-2017.92827,45.90027,23412325.94325,-1520.41325
2024 04 13 16 51 45.4173439,E10,25673180.18726,2219.15326,40.60026,25671273.80626,1657.25726
2024 04 13 16 51 45.4173439,E12,24348901.56625,1524.68125,33.50025,24346996.38525,1138.41725
2024 04 13 16 51 45.4173439,E24,28320235.16926,-1714.65326,38.70026,28318334.18525,-1279.56325
2024 04 13 16 51 45.4173439,E33,24343421.95925,-651.13925,31.20025,24341525.17224,-480.75024
2024 04 13 16 51 46.4173441,G03,24054111.28427,2628.52927,42.60027,24051773.80225,1962.27325
2024 04 13 16 51 46.4173441,G08,21135637.10128,-897.64228,47.60028,21133286.12926,-671.03726
2024 04 13 16 51 46.4173441,G10,22792451.21325,-1892.05025,34.00025,22790084.05124,-1411.95024
2024 04 13 16 51 46.4173441,G27,22148255.08027,-2828.91827,44.00027,22145899.31125,-2113.65025
2024 04 13 16 51 46.4173441,G32,21447784.60627,-1269.43427,44.70027,21445426.13924,-948.85024
2024 04 13 16 51 46.4173441,C43,22350752.29426,1734.07826,40.20026,22348864.20225,1305.29425
2024 04 13 16 51 46.4173441,C42,21861006.83827,396.11627,47.00027,21859124.14224,298.45024
2024 04 13 16 51 46.4173441,C39,38997026.21925,780.65025,32.70025,38995144.12225,587.45025
2024 04 13 16 51 46.4173441,C34,21740629.07426,-1076.66826,39.50026,21738740.38125,-812.45025
2024 04 13 16 51 46.4173441,C33,25062780.99625,2657.00025,30.60025,25060913.88925,1998.75025
2024 04 13 16 51 46.4173441,C21,23414668.66027,-2034.03527,44.40027,23412774.57225,-1533.80025
2024 04 13 16 51 46.4173441,E10,25672818.77626,2202.02626,39.50026,25670913.29525,1644.25525
2024 04 13 16 51 46.4173441,E12,24348677.16025,1502.04925,30.90025,24346767.18225,1125.10025
2024 04 13 16 51 46.4173441,E24,28320621.14026,-1731.84026,37.70026,28318721.65525,-1291.85025
2024 04 13 16 51 46.4173441,E33,24343608.26925,-659.99725,32.30025,24341709.08424,-494.75024
2024 04 13 16 51 47.4173442,G03,24053640.18027,2641.52327,42.80027,24051300.90025,1970.05025
2024 04 13 16 51 47.4173442,G08,21135836.63328,-885.59428,48.00028,21133484.76226,-661.00426
2024 04 13 16 51 47.4173442,G10,22792843.81125,-1875.75025,33.50025,22790467.95624,-1406.00024
2024 04 13 16 51 47.4173442,G27,22148819.16027,-2816.65427,44.00027,22146465.49025,-2105.90025
2024 04 13 16 51 47.4173442,G32,21448057.58727,-1257.31927,45.10027,21445699.42024,-942.40024
2024 04 13 16 51 47.4173442,C43,22350444.87826,1746.08126,40.40026,22348559.48325,1317.02825
2024 04 13 16 51 47.4173442,C42,21860958.74227,408.16127,47.40027,21859071.84824,303.75024
2024 04 13 16 51 47.4173442,C39,38996917.26525,790.90025,33.00025,38995019.27925,592.77725
2024 04 13 16 51 47.4173442,C34,21740863.38226,-1064.68926,39.70026,21738975.88925,-806.38525
2024 04 13 16 51 47.4173442,C33,25062296.70225,2667.15025,30.60025,25060434.99125,2012.36825
2024 04 13 16 51 47.4173442,C21,23415085.84227,-2021.12327,45.00027,23413190.85425,-1520.75125
2024 04 13 16 51 47.4173442,E10,25672429.51626,2216.01126,38.70026,25670521.03725,1654.78025
2024 04 13 16 51 47.4173442,E12,24348414.11225,1515.60025,30.80025,24346507.13325,1132.30025
2024 04 13 16 51 47.4173442,E24,28320975.36526,-1723.90026,36.70026,28319079.47824,-1287.69424
2024 04 13 16 51 47.4173442,E33,24343775.12425,-654.45025,30.20025,24341862.74824,-487.95024
2024 04 13 16 51 48.4173443,G03,24053168.46227,2625.04227,43.10027,24050830.98125,1958.48025
2024 04 13 16 51 48.4173443,G08,21136033.75328,-902.33028,48.00028,21133684.87926,-673.16926
2024 04 13 16 51 48.4173443,G10,22793214.21125,-1895.50025,34.10025,22790856.94224,-1413.54924
2024 04 13 16 51 48.4173443,G27,22149393.11927,-2833.11727,43.40027,22147033.45225,-2117.52625
2024 04 13 16 51 48.4173443,G28,23875252.13126,2657.01726,36.50026,23872905.35623,1986.20023
2024 04 13 16 51 48.4173443,G32,21448326.65727,-1274.01427,44.80027,21445967.29024,-952.89924
2024 04 13 16 51 48.4173443,C43,22350143.44226,1729.73226,39.90026,22348254.45025,1303.84425
2024 04 13 16 51 48.4173443,C42,21860910.93128,391.78428,47.60028,21859027.33525,295.00025
2024 04 13 16 51 48.4173443,C39,38996790.60825,774.70025,33.40025,38994900.11725,584.50025
2024 04 13 16 51 48.4173443,C34,21741097.07626,-1081.20226,39.60026,21739211.08225,-811.87025
2024 04 13 16 51 48.4173443,C33,25061826.48325,2649.00025,30.40025,25059954.57925,1995.60025
2024 04 13 16 51 48.4173443,C21,23415502.70927,-2037.45327,45.00027,23413612.81825,-1535.50025
2024 04 13 16 51 48.4173443,E10,25672039.34126,2200.30826,39.10026,25670131.76226,1643.00426
2024 04 13 16 51 48.4173443,E12,24348157.64625,1502.62925,32.80025,24346251.26525,1121.93325
2024 04 13 16 51 48.4173443,E24,28321337.37126,-1733.64626,38.70026,28319437.28625,-1295.55025
2024 04 13 16 51 48.4173443,E33,24343914.08325,-666.90025,31.20025,24342020.89424,-497.00024
2024 04 13 16 51 49.4173444,G03,24052703.81627,2630.05027,44.90027,24050361.83726,1964.03126
2024 04 13 16 51 49.4173444,G08,21136237.34328,-897.67028,49.30028,21133885.77126,-670.34126
2024 04 13 16 51 49.4173444,G10,22793612.66626,-1888.19526,35.80026,22791249.70225,-1409.69225
2024 04 13 16 51 49.4173444,G27,22149959.45827,-2828.15827,45.20027,22147601.59026,-2111.85726
2024 04 13 16 51 49.4173444,G28,23874775.19326,2662.02026,38.50026,23872438.31124,1987.50024
2024 04 13 16 51 49.4173444,G32,21448600.09927,-1269.27727,45.70027,21446238.93425,-947.73825
2024 04 13 16 51 49.4173444,C43,22349836.18627,1734.54227,41.70027,22347952.59026,1307.12526
2024 04 13 16 51 49.4173444,C42,21860866.89328,396.67428,49.40028,21858981.19824,298.81524
2024 04 13 16 51 49.4173444,C39,38996672.82125,779.75025,33.50025,38994782.03025,588.45025
2024 04 13 16 51 49.4173444,C34,21741333.34426,-1076.34226,41.40026,21739448.54925,-810.81625
2024 04 13 16 51 49.4173444,C33,25061336.05425,2653.05025,33.00025,25059473.14425,1999.72325
2024 04 13 16 51 49.4173444,C21,23415924.24927,-2032.53727,47.00027,23414033.15825,-1531.76525
2024 04 13 16 51 49.4173444,E10,25671648.74327,2204.55827,42.30027,25669742.96326,1646.33026
2024 04 13 16 51 49.4173444,E12,24347900.15525,1509.80325,34.70025,24345994.37525,1127.55525
2024 04 13 16 51 49.4173444,E24,28321696.25426,-1729.67626,40.20026,28319797.36825,-1291.85025
2024 04 13 16 51 49.4173444,E33,24344074.80425,-660.87925,34.20025,24342175.31925,-493.37825
2024 04 13 16 51 50.4173446,G03,24052262.95827,2625.44427,45.40027,24049921.27926,1960.49826
2024 04 13 16 51 50.4173446,G08,21136468.32028,-902.66728,49.70028,21134117.64826,-674.08526
2024 04 13 16 51 50.4173446,G10,22794040.90725,-1891.20025,33.90025,22791666.85024,-1411.85024
2024 04 13 16 51 50.4173446,G27,22150553.48427,-2832.84527,45.10027,22148200.71226,-2115.55326
2024 04 13 16 51 50.4173446,G32,21448897.93027,-1274.21327,44.10027,21446543.06025,-951.72125
2024 04 13 16 51 50.4173446,C43,22349566.81027,1729.85827,42.50027,22347681.11526,1303.41426
2024 04 13 16 51 50.4173446,C42,21860852.34028,391.91628,48.80028,21858967.84425,295.11925
2024 04 13 16 51 50.4173446,C39,38996589.01625,776.05025,34.20025,38994690.43025,585.80025
2024 04 13 16 51 50.4173446,C34,21741604.19326,-1081.16726,41.10026,21739716.70025,-815.01425
2024 04 13 16 51 50.4173446,C33,25060901.79125,2647.70025,32.60025,25059027.18925,1996.17525
2024 04 13 16 51 50.4173446,C21,23416375.27327,-2037.08627,45.70027,23414484.48225,-1535.55925
2024 04 13 16 51 50.4173446,E10,25671289.72927,2200.13827,41.90027,25669384.24826,1642.89026
2024 04 13 16 51 50.4173446,E12,24347671.55025,1504.81225,33.90025,24345767.56925,1123.73525
2024 04 13 16 51 50.4173446,E24,28322089.11826,-1734.27326,41.20026,28320187.53525,-1295.55025
2024 04 13 16 51 50.4173446,E33,24344265.90825,-665.19925,33.60025,24342361.32724,-496.10024
2024 04 13 16 51 51.4173447,G03,24051795.09827,2624.11027,45.00027,24049451.62126,1959.55826
2024 04 13 16 51 51.4173447,G08,21136667.19928,-904.39428,49.60028,21134318.02626,-675.41226
2024 04 13 16 51 51.4173447,G27,22151124.10627,-2834.39327,45.00027,22148771.33426,-2116.66926
2024 04 13 16 51 51.4173447,G32,21449170.25827,-1275.96027,41.90027,21446813.29025,-953.03225
2024 04 13 16 51 51.4173447,C43,22349262.33727,1728.18827,42.20027,22347379.04125,1302.44225
2024 04 13 16 51 51.4173447,C42,21860805.38928,390.33928,48.10028,21858921.79324,294.00124
2024 04 13 16 51 51.4173447,C39,38996466.81725,777.35025,33.40025,38994573.32825,584.17425
2024 04 13 16 51 51.4173447,C34,21741840.84626,-1082.92326,40.20026,21739952.45425,-816.59025
2024 04 13 16 51 51.4173447,C33,25060403.05425,2648.70025,31.30025,25058547.33825,1995.19725
2024 04 13 16 51 51.4173447,C21,23416801.39527,-2038.51527,43.90027,23414905.80825,-1536.22325
2024 04 13 16 51 51.4173447,E10,25670902.21427,2198.88427,42.00027,25668995.23426,1642.02526
2024 04 13 16 51 51.4173447,E12,24347417.14425,1503.34625,32.80025,24345510.46425,1122.64725
2024 04 13 16 51 51.4173447,E24,28322450.18526,-1735.55826,39.20026,28320548.60225,-1296.11525
2024 04 13 16 51 51.4173447,E33,24344429.41225,-670.68825,33.20025,24342518.53525,-498.18025
2024 04 13 16 51 52.4173448,G03,24051323.60227,2624.14027,44.40027,24048982.82326,1959.54526
2024 04 13 16 51 52.4173448,G08,21136871.73528,-904.71828,48.90028,21134520.76326,-675.73226
2024 04 13 16 51 52.4173448,G27,22151695.28827,-2834.37927,44.30027,22149339.81825,-2116.73625
2024 04 13 16 51 52.4173448,G28,23873374.29426,2656.13826,36.80026,23871030.51723,1984.95023
2024 04 13 16 51 52.4173448,G32,21449439.54927,-1276.18927,41.90027,21447088.87625,-953.17025
2024 04 13 16 51 52.4173448,C43,22348961.12327,1728.16027,41.80027,22347076.02825,1301.89025
2024 04 13 16 51 52.4173448,C42,21860761.39727,390.24627,47.40027,21858876.60224,294.20024
2024 04 13 16 51 52.4173448,C39,38996340.38225,776.35025,33.60025,38994454.68825,583.76525
2024 04 13 16 51 52.4173448,C34,21742077.16026,-1083.13026,40.30026,21740191.16625,-816.61525
2024 04 13 16 51 52.4173448,C33,25059942.65025,2648.55025,30.50025,25058069.24725,1994.89525
2024 04 13 16 51 52.4173448,C21,23417217.88427,-2038.39827,42.90027,23415326.19425,-1536.65425
2024 04 13 16 51 52.4173448,E10,25670516.15927,2198.98627,42.30027,25668607.08026,1642.09326
2024 04 13 16 51 52.4173448,E12,24347158.50025,1503.38325,31.50025,24345254.21825,1122.74425
2024 04 13 16 51 52.4173448,E24,28322807.61526,-1735.52126,39.00026,28320907.83125,-1296.02725
2024 04 13 16 51 52.4173448,E33,24344586.58125,-665.55025,30.80025,24342676.60325,-498.12725
2024 04 13 16 51 53.4173449,G03,24050855.51127,2636.77227,44.40027,24048512.93325,1969.80325
2024 04 13 16 51 53.4173449,G08,21137071.88128,-892.76928,48.90028,21134721.80826,-665.70826
2024 04 13 16 51 53.4173449,G27,22152262.37927,-2822.17327,43.90027,22149907.51025,-2106.45725
2024 04 13 16 51 53.4173449,G32,21449707.14826,-1264.12226,40.30026,21447360.67325,-941.87825
2024 04 13 16 51 53.4173449,C43,22348655.81927,1740.06027,42.60027,22346773.72225,1313.99825
2024 04 13 16 51 53.4173449,C42,21860713.31527,402.23327,47.20027,21858828.52024,301.80024
2024 04 13 16 51 53.4173449,C39,38996228.14525,788.79125,34.30025,38994332.55725,596.32925
2024 04 13 16 51 53.4173449,C34,21742312.68226,-1071.13226,39.40026,21740426.08825,-805.32925
2024 04 13 16 51 53.4173449,C33,25059446.97725,2658.70025,30.50025,25057590.06325,2004.87225
2024 04 13 16 51 53.4173449,C21,23417642.57527,-2025.86827,42.80027,23415746.68725,-1524.34125
2024 04 13 16 51 53.4173449,E10,25670126.61326,2212.94826,40.30026,25668216.03526,1652.56226
2024 04 13 16 51 53.4173449,E12,24346899.36425,1520.20925,30.20025,24344997.18125,1134.58225
2024 04 13 16 51 53.4173449,E24,28323167.55126,-1721.74326,37.40026,28321266.86725,-1284.06625
2024 04 13 16 51 53.4173449,E33,24344742.65725,-657.95525,31.60025,24342830.88024,-489.00024
2024 04 13 16 51 54.4173451,G03,24050412.13427,2617.29827,45.20027,24048071.95426,1954.61626
2024 04 13 16 51 54.4173451,G08,21137303.33728,-912.64728,49.30028,21134954.16426,-681.29726
2024 04 13 16 51 54.4173451,G10,22795620.90826,-1901.27926,36.60026,22793257.04524,-1419.40024
2024 04 13 16 51 54.4173451,G27,22152859.58327,-2841.82127,45.10027,22150507.11126,-2121.88826
2024 04 13 16 51 54.4173451,G32,21450018.34927,-1283.95727,43.80027,21447663.48025,-958.80025
2024 04 13 16 51 54.4173451,C43,22348381.52627,1720.45127,41.70027,22346500.62826,1296.20026
2024 04 13 16 51 54.4173451,C42,21860698.94128,382.74628,50.30028,21858815.34525,288.35025
2024 04 13 16 51 54.4173451,C39,38996129.23025,769.08625,34.70025,38994243.83525,579.35025
2024 04 13 16 51 54.4173451,C34,21742584.91027,-1090.86027,43.00027,21740694.41925,-822.00025
2024 04 13 16 51 54.4173451,C33,25059008.09826,2639.15026,35.70026,25057140.39125,1989.89025
2024 04 13 16 51 54.4173451,C21,23418089.88227,-2045.12727,46.50027,23416198.19125,-1541.85025
2024 04 13 16 51 54.4173451,E10,25669768.67727,2192.85327,42.50027,25667856.90126,1637.39526
2024 04 13 16 51 54.4173451,E12,24346680.53226,1496.60026,35.60026,24344770.55425,1118.50025
2024 04 13 16 51 54.4173451,E24,28323555.79826,-1741.69926,40.50026,28321656.91325,-1301.55025
2024 04 13 16 51 54.4173451,E33,24344927.34626,-673.62726,36.70026,24343020.66625,-503.80025
2024 04 13 16 51 55.4173452,G03,24049946.36427,2619.23127,45.50027,24047602.88626,1956.02626
2024 04 13 16 51 55.4173452,G08,21137509.40228,-910.94528,50.30028,21135157.23026,-680.11326
2024 04 13 16 51 55.4173452,G10,22796007.74726,-1898.08526,38.30026,22793652.87824,-1417.35024
2024 04 13 16 51 55.4173452,G27,22153434.09227,-2839.81127,45.30027,22151078.62326,-2120.46526
2024 04 13 16 51 55.4173452,G28,23871982.36626,2651.32526,39.80026,23869636.19024,1978.45024
2024 04 13 16 51 55.4173452,G32,21450290.66827,-1282.09127,44.00027,21447936.09825,-957.33625
2024 04 13 16 51 55.4173452,C43,22348080.94126,1722.39926,40.50026,22346199.74326,1297.99226
2024 04 13 16 51 55.4173452,C42,21860655.57828,384.65328,51.50028,21858772.28225,289.90625
2024 04 13 16 51 55.4173452,C39,38996007.62125,770.48625,34.90025,38994127.02325,580.78725
2024 04 13 16 51 55.4173452,C34,21742819.75427,-1088.92127,44.80027,21740933.46025,-820.62125
2024 04 13 16 51 55.4173452,C33,25058529.13626,2642.46926,38.20026,25056662.32925,1991.34825
2024 04 13 16 51 55.4173452,C21,23418510.29828,-2043.21128,48.00028,23416620.40626,-1539.82626
2024 04 13 16 51 55.4173452,E10,25669379.95327,2194.77127,44.10027,25667471.47425,1638.88025
2024 04 13 16 51 55.4173452,E12,24346423.41726,1499.24126,37.10026,24344516.43725,1119.40925
2024 04 13 16 51 55.4173452,E24,28323915.35727,-1740.03127,41.60027,28322019.16925,-1299.45425
2024 04 13 16 51 55.4173452,E33,24345082.74526,-671.68226,38.90026,24343175.76525,-501.67925
